INSERT INTO O_OBJ VALUES ( "00000000-0000-0000-0000-000000000010",'CSOConnection',1,'CSOConnection','',"00000000-0000-0000-0000-000000000000" );
INSERT INTO O_ATTR VALUES ( "00000000-0000-0000-0000-000000000011","00000000-0000-0000-0000-000000000010","00000000-0000-0000-0000-000000000000",'current_state','','','current_state',0,"00000000-0000-0000-0000-000000000012",'','' );
INSERT INTO O_ID VALUES ( 0,"00000000-0000-0000-0000-000000000010" );
INSERT INTO O_ID VALUES ( 1,"00000000-0000-0000-0000-000000000010" );
INSERT INTO O_ID VALUES ( 2,"00000000-0000-0000-0000-000000000010" );
INSERT INTO O_BATTR VALUES ( "00000000-0000-0000-0000-000000000011","00000000-0000-0000-0000-000000000010" );
INSERT INTO O_NBATTR VALUES ( "00000000-0000-0000-0000-000000000011","00000000-0000-0000-0000-000000000010" );
INSERT INTO S_CDT VALUES ( "00000000-0000-0000-0000-000000000030",0 );
INSERT INTO S_CDT VALUES ( "00000000-0000-0000-0000-000000000031",1 );
INSERT INTO S_CDT VALUES ( "00000000-0000-0000-0000-000000000032",2 );
INSERT INTO S_CDT VALUES ( "00000000-0000-0000-0000-000000000033",3 );
INSERT INTO S_CDT VALUES ( "00000000-0000-0000-0000-000000000034",4 );
INSERT INTO S_CDT VALUES ( "00000000-0000-0000-0000-000000000035",5 );
INSERT INTO S_CDT VALUES ( "00000000-0000-0000-0000-000000000012",6 );
INSERT INTO S_CDT VALUES ( "00000000-0000-0000-0000-000000000036",7 );
INSERT INTO S_CDT VALUES ( "00000000-0000-0000-0000-000000000037",8 );
INSERT INTO S_CDT VALUES ( "00000000-0000-0000-0000-000000000038",9 );
INSERT INTO S_CDT VALUES ( "00000000-0000-0000-0000-000000000039",10 );
INSERT INTO S_CDT VALUES ( "00000000-0000-0000-0000-00000000003a",11 );
INSERT INTO S_CDT VALUES ( "00000000-0000-0000-0000-00000000003b",12 );
INSERT INTO S_CDT VALUES ( "00000000-0000-0000-0000-00000000003c",13 );
INSERT INTO S_UDT VALUES ( "00000000-0000-0000-0000-00000000003d","00000000-0000-0000-0000-00000000003a",1,'' );
INSERT INTO S_UDT VALUES ( "00000000-0000-0000-0000-00000000003e","00000000-0000-0000-0000-00000000003b",3,'' );
INSERT INTO S_UDT VALUES ( "00000000-0000-0000-0000-00000000003f","00000000-0000-0000-0000-00000000003a",2,'' );
INSERT INTO EP_PKG VALUES ( "00000000-0000-0000-0000-000000000002","00000000-0000-0000-0000-000000000001","00000000-0000-0000-0000-000000000001",'CSOListener','',0 );
INSERT INTO EP_PKG VALUES ( "00000000-0000-0000-0000-00000000000f","00000000-0000-0000-0000-000000000000","00000000-0000-0000-0000-000000000001",'CSOListener','',0 );
INSERT INTO EP_PKG VALUES ( "00000000-0000-0000-0000-00000000002f","00000000-0000-0000-0000-000000000001","00000000-0000-0000-0000-000000000001",'Interfaces','',0 );
INSERT INTO S_SYS VALUES ( "00000000-0000-0000-0000-000000000001",'CSOClientListener',1 );
INSERT INTO TE_SYS VALUES ( 1,'','',32,0,0,0,0,0,0,0,0,0,0,0,0,0,128,128,0,0,'','CSOClientListener','sc_interface',0,0,0,0,0,"00000000-0000-0000-0000-000000000001" );
INSERT INTO TE_DISP VALUES ( 1,1,'main','dispatcher','','' );
INSERT INTO TE_QUEUE VALUES ( 1,1,1,'Self Queue',0,0 );
INSERT INTO TE_QUEUE VALUES ( 2,1,2,'NonSelf Queue',0,0 );
INSERT INTO TE_ABA VALUES ( "00000000-0000-0000-0000-000000000033",'TE_MACT',"00000000-0000-0000-0000-00000000001a",0,0,1,' void ','','','','','','','','','','CSOListener_Port1_disconnect','void',0,"00000000-0000-0000-0000-000000000000",'','' );
INSERT INTO TE_ABA VALUES ( "00000000-0000-0000-0000-000000000036",'TE_MACT',"00000000-0000-0000-0000-00000000001a",0,0,1,' void ','','','','','','','','','','CSOListener_Port1_connect','void',0,"00000000-0000-0000-0000-000000000000",'','' );
INSERT INTO TE_ABA VALUES ( "00000000-0000-0000-0000-000000000043",'SM_ACT',"00000000-0000-0000-0000-00000000001a",0,0,1,' void ','','','','','','','','','','CSOListener_CSOConnection_act1','void',0,"00000000-0000-0000-0000-000000000000",'','' );
INSERT INTO TE_ABA VALUES ( "00000000-0000-0000-0000-000000000046",'SM_ACT',"00000000-0000-0000-0000-00000000001a",0,0,1,' void ','','','','','','','','','','CSOListener_CSOConnection_act2','void',0,"00000000-0000-0000-0000-000000000000",'','' );
INSERT INTO TE_ABA VALUES ( "00000000-0000-0000-0000-000000000049",'SM_ACT',"00000000-0000-0000-0000-00000000001a",0,0,1,' void ','','','','','','','','','','CSOListener_CSOConnection_act3','void',0,"00000000-0000-0000-0000-000000000000",'','' );
INSERT INTO TE_C VALUES ( "00000000-0000-0000-0000-00000000001a",'CSOListener','',0,1,1,1,0,0,1,0,'CSOListener_classes',10,0,0,0,0,0,0,0,0,0,'CSOListener',1,1,0,1,"00000000-0000-0000-0000-000000000000","00000000-0000-0000-0000-000000000003","00000000-0000-0000-0000-000000000000","00000000-0000-0000-0000-000000000000",'','','"CSOConnection"',"00000000-0000-0000-0000-00000000002f" );
INSERT INTO TE_DT VALUES ( "00000000-0000-0000-0000-00000000001e",'timestamp',11,0,'Escher_TimeStamp_t','CSOClientListener_sys_types.h','CTOR','',0,'CSOClientListener','%d',0,"00000000-0000-0000-0000-000000000000","00000000-0000-0000-0000-00000000003f" );
INSERT INTO TE_DT VALUES ( "00000000-0000-0000-0000-00000000001f",'inst_ref<Timer>',12,0,'Escher_Timer_t','CSOClientListener_sys_types.h','0','',0,'CSOClientListener','%d',0,"00000000-0000-0000-0000-000000000000","00000000-0000-0000-0000-00000000003e" );
INSERT INTO TE_DT VALUES ( "00000000-0000-0000-0000-000000000020",'date',11,0,'Escher_Date_t','CSOClientListener_sys_types.h','CTOR','',0,'CSOClientListener','%d',0,"00000000-0000-0000-0000-000000000000","00000000-0000-0000-0000-00000000003d" );
INSERT INTO TE_DT VALUES ( "00000000-0000-0000-0000-000000000021",'component_ref',13,0,'','CSOClientListener_sys_types.h','','',0,'CSOClientListener','%x',0,"00000000-0000-0000-0000-000000000000","00000000-0000-0000-0000-00000000003c" );
INSERT INTO TE_DT VALUES ( "00000000-0000-0000-0000-000000000022",'inst_ref<Mapping>',12,0,'i_t','CSOClientListener_sys_types.h','0','',0,'CSOClientListener','%d',0,"00000000-0000-0000-0000-000000000000","00000000-0000-0000-0000-00000000003b" );
INSERT INTO TE_DT VALUES ( "00000000-0000-0000-0000-000000000023",'inst<Mapping>',11,0,'','CSOClientListener_sys_types.h','','',0,'CSOClientListener','%d',0,"00000000-0000-0000-0000-000000000000","00000000-0000-0000-0000-00000000003a" );
INSERT INTO TE_DT VALUES ( "00000000-0000-0000-0000-000000000024",'inst<Event>',10,0,'Escher_xtUMLEvent_t *','CSOClientListener_sys_types.h','0','',0,'CSOClientListener','%p',0,"00000000-0000-0000-0000-000000000000","00000000-0000-0000-0000-000000000039" );
INSERT INTO TE_DT VALUES ( "00000000-0000-0000-0000-000000000025",'inst_ref_set<Object>',9,0,'Escher_ObjectSet_s *','CSOClientListener_sys_types.h','','',0,'CSOClientListener','%p',0,"00000000-0000-0000-0000-000000000000","00000000-0000-0000-0000-000000000038" );
INSERT INTO TE_DT VALUES ( "00000000-0000-0000-0000-000000000026",'inst_ref<Object>',8,0,'void *','CSOClientListener_sys_types.h','','',0,'CSOClientListener','%p',0,"00000000-0000-0000-0000-000000000000","00000000-0000-0000-0000-000000000037" );
INSERT INTO TE_DT VALUES ( "00000000-0000-0000-0000-000000000027",'same_as<Base_Attribute>',7,0,'','CSOClientListener_sys_types.h','','',0,'CSOClientListener','%p',0,"00000000-0000-0000-0000-000000000000","00000000-0000-0000-0000-000000000036" );
INSERT INTO TE_DT VALUES ( "00000000-0000-0000-0000-000000000028",'state<State_Model>',6,0,'','CSOClientListener_sys_types.h','','',0,'CSOClientListener','%d',0,"00000000-0000-0000-0000-000000000000","00000000-0000-0000-0000-000000000012" );
INSERT INTO TE_DT VALUES ( "00000000-0000-0000-0000-000000000029",'unique_id',5,0,'Escher_UniqueID_t','CSOClientListener_sys_types.h','0','',0,'CSOClientListener','%s',0,"00000000-0000-0000-0000-000000000000","00000000-0000-0000-0000-000000000035" );
INSERT INTO TE_DT VALUES ( "00000000-0000-0000-0000-00000000002a",'string',4,0,'c_t','CSOClientListener_sys_types.h','CTOR','',0,'CSOClientListener','%s',0,"00000000-0000-0000-0000-000000000000","00000000-0000-0000-0000-000000000034" );
INSERT INTO TE_DT VALUES ( "00000000-0000-0000-0000-00000000002b",'real',3,0,'r_t','CSOClientListener_sys_types.h','0.0','',0,'CSOClientListener','%f',0,"00000000-0000-0000-0000-000000000000","00000000-0000-0000-0000-000000000033" );
INSERT INTO TE_DT VALUES ( "00000000-0000-0000-0000-00000000002c",'integer',2,0,'i_t','CSOClientListener_sys_types.h','0','',0,'CSOClientListener','%d',0,"00000000-0000-0000-0000-000000000000","00000000-0000-0000-0000-000000000032" );
INSERT INTO TE_DT VALUES ( "00000000-0000-0000-0000-00000000002d",'boolean',1,0,'bool','CSOClientListener_sys_types.h','false','',0,'CSOClientListener','%d',0,"00000000-0000-0000-0000-000000000000","00000000-0000-0000-0000-000000000031" );
INSERT INTO TE_DT VALUES ( "00000000-0000-0000-0000-00000000002e",'void',0,0,'void','CSOClientListener_sys_types.h','0','',0,'CSOClientListener','',0,"00000000-0000-0000-0000-000000000000","00000000-0000-0000-0000-000000000030" );
INSERT INTO TE_ACT VALUES ( "00000000-0000-0000-0000-000000000043",'CSOListener_CSOConnection_act1',0,"00000000-0000-0000-0000-000000000013","00000000-0000-0000-0000-000000000018" );
INSERT INTO TE_ACT VALUES ( "00000000-0000-0000-0000-000000000046",'CSOListener_CSOConnection_act2',0,"00000000-0000-0000-0000-000000000013","00000000-0000-0000-0000-00000000001c" );
INSERT INTO TE_ACT VALUES ( "00000000-0000-0000-0000-000000000049",'CSOListener_CSOConnection_act3',0,"00000000-0000-0000-0000-000000000013","00000000-0000-0000-0000-000000000020" );
INSERT INTO TE_PARM VALUES ( 'A0xtumlsret','',0,'','',"00000000-0000-0000-0000-000000000030","00000000-0000-0000-0000-000000000000",'A0xtumlsret',0,"00000000-0000-0000-0000-00000000002a",1,"00000000-0000-0000-0000-000000000000",'[ESCHER_SYS_MAX_STRING_LEN]',"00000000-0000-0000-0000-000000000000","00000000-0000-0000-0000-000000000000","00000000-0000-0000-0000-000000000000","00000000-0000-0000-0000-000000000000","00000000-0000-0000-0000-000000000000","00000000-0000-0000-0000-000000000000","00000000-0000-0000-0000-000000000000" );
INSERT INTO TE_WHERE VALUES ( 0,'CSOListener_CSOConnection_AnyWhere1',0,"00000000-0000-0000-0000-000000000010" );
INSERT INTO TE_WHERE VALUES ( 0,'CSOListener_CSOConnection_AnyWhere2',1,"00000000-0000-0000-0000-000000000010" );
INSERT INTO TE_WHERE VALUES ( 0,'CSOListener_CSOConnection_AnyWhere3',2,"00000000-0000-0000-0000-000000000010" );
INSERT INTO TE_ATTR VALUES ( "00000000-0000-0000-0000-00000000003f",0,0,0,0,0,'','current_state','current_state','',1,0,"00000000-0000-0000-0000-000000000000",'','CSOListener_CSOConnection','',"00000000-0000-0000-0000-000000000000","00000000-0000-0000-0000-000000000011","00000000-0000-0000-0000-000000000010" );
INSERT INTO TE_EVT VALUES ( "00000000-0000-0000-0000-00000000004a",'startup',1,'CSOListener_CSOConnectionevent1','CSOLISTENER_CSOCONNECTIONEVENT1NUM',0,0,0,0,"00000000-0000-0000-0000-000000000000","00000000-0000-0000-0000-000000000014","00000000-0000-0000-0000-000000000040","00000000-0000-0000-0000-00000000004b" );
INSERT INTO TE_EVT VALUES ( "00000000-0000-0000-0000-00000000004b",'connection requested',2,'CSOListener_CSOConnectionevent2','CSOLISTENER_CSOCONNECTIONEVENT2NUM',1,0,0,0,"00000000-0000-0000-0000-000000000000","00000000-0000-0000-0000-000000000015","00000000-0000-0000-0000-000000000040","00000000-0000-0000-0000-00000000004c" );
INSERT INTO TE_EVT VALUES ( "00000000-0000-0000-0000-00000000004c",'connected',3,'CSOListener_CSOConnectionevent3','CSOLISTENER_CSOCONNECTIONEVENT3NUM',2,0,0,0,"00000000-0000-0000-0000-000000000000","00000000-0000-0000-0000-000000000016","00000000-0000-0000-0000-000000000040","00000000-0000-0000-0000-000000000000" );
INSERT INTO TE_STATE VALUES ( "00000000-0000-0000-0000-000000000041",'Idle','CSOListener_CSOConnection_STATE_1',1,1,0,"00000000-0000-0000-0000-000000000013","00000000-0000-0000-0000-000000000017","00000000-0000-0000-0000-000000000044" );
INSERT INTO TE_STATE VALUES ( "00000000-0000-0000-0000-000000000044",'connecting','CSOListener_CSOConnection_STATE_2',2,2,1,"00000000-0000-0000-0000-000000000013","00000000-0000-0000-0000-00000000001b","00000000-0000-0000-0000-000000000047" );
INSERT INTO TE_STATE VALUES ( "00000000-0000-0000-0000-000000000047",'Connected','CSOListener_CSOConnection_STATE_3',3,3,2,"00000000-0000-0000-0000-000000000013","00000000-0000-0000-0000-00000000001f","00000000-0000-0000-0000-000000000000" );
INSERT INTO TE_PO VALUES ( "00000000-0000-0000-0000-00000000001c",'Port1','Port1','connection','','','',0,0,0,0,"00000000-0000-0000-0000-00000000001a","00000000-0000-0000-0000-000000000006","00000000-0000-0000-0000-000000000004","00000000-0000-0000-0000-000000000035" );
INSERT INTO TE_SM VALUES ( "00000000-0000-0000-0000-000000000040",1,'CSOListener_CSOConnection_STATE_1','CSOListener_CSOConnection_StateEventMatrix','CSOListener_CSOConnection_acts','StateAction_t','CSOListener_CSOConnection_Events_u','CSOListener_CSOConnection_xacts',0,'state_name_strings',3,3,"00000000-0000-0000-0000-000000000013",'CSOListener_CSOConnection',"00000000-0000-0000-0000-000000000041","00000000-0000-0000-0000-00000000004a",'"Idle","connecting","Connected"','"startup","connection requested","connected"',0 );
INSERT INTO TE_CLASS VALUES ( "00000000-0000-0000-0000-00000000002f",'CSOConnection',1,'CSOConnection','','CSOListener_CSOConnection','CSOListener_CSOConnection_CB',0,0,0,0,0,10,0,0,0,0,1,0,0,'CSOListener_CSOConnection_class','CSOListener_CSOConnection_CLASS_NUMBER','CSOListener_CSOConnection_CLASS_NUMBER_CB','CSOListener_CSOConnection_LinkCentral','CSOListener_CSOConnection_Dispatch','','%d',',
    self->current_state',"00000000-0000-0000-0000-00000000001a","00000000-0000-0000-0000-000000000010","00000000-0000-0000-0000-000000000000" );
INSERT INTO TE_PREFIX VALUES ( 'Escher_','','Escher_','','ESCHER_','Escher_','','','','Escher_','pport_','rport_','channel_' );
INSERT INTO TE_SET VALUES ( 'SYS_MAX_CONTAINERS','Escher_Iterator_s','Escher_SetFactoryInit','Escher_InitSet','Escher_CopySet','Escher_ClearSet','Escher_SetUnion','Escher_SetIntersection','Escher_SetDifference','Escher_SetSymmetricDifference','Escher_SetInsertElement','Escher_SetInsertInstance','Escher_SetInsertBlock','Escher_SetRemoveElement','Escher_SetRemoveInstance','Escher_SetCardinality','Escher_SetContains','Escher_SetEquality','Escher_SetIsEmpty','Escher_SetGetAny','Escher_IteratorReset','Escher_IteratorNext','Escher_ObjectSet_s','Escher_SetElement_s','','' );
INSERT INTO TE_PERSIST VALUES ( 'sys_persist','','ESCHER_PERSIST_INST_CACHE_DEPTH','ESCHER_PERSIST_LINK_CACHE_DEPTH','check_mark_post','','Escher_link_t','','Escher_PersistFactoryInit','Escher_PersistenceCommit','Escher_PersistenceRestore','Escher_PersistDelete','domainnum','Escher_DomainNumber_t','classnum','Escher_ClassNumber_t','index','Escher_InstanceIndex_t','InstanceIdentifier_t','instance_identifier','s1_t','persist_dirty',1,0 );
INSERT INTO TE_EQ VALUES ( 'EVENT_IS_IGNORED','EVENT_CANT_HAPPEN','Escher_systemxtUMLevents','Escher_xtUML_event_pool','Escher_xtUMLEventConstant_t','Escher_xtUMLEvent_t','mc_event_base','ESCHER_SYS_MAX_XTUML_EVENTS','ESCHER_SYS_MAX_SELF_EVENTS','ESCHER_SYS_MAX_NONSELF_EVENTS','Escher_NewxtUMLEvent','Escher_AllocatextUMLEvent','Escher_DeletextUMLEvent','Escher_ModifyxtUMLEvent','Escher_SendSelfEvent','Escher_SendEvent','Escher_EventSearchAndDestroy','Escher_run_flag','e','' );
INSERT INTO TE_ILB VALUES ( '','ESCHER_SYS_MAX_INTERLEAVED_BRIDGES','ESCHER_SYS_MAX_INTERLEAVED_BRIDGE_DATA','InterleaveBridge','InterleaveBridgeDone','GetILBData','DispatchInterleaveBridge' );
INSERT INTO TE_THREAD VALUES ( 'sys_thread','Escher_thread_create','Escher_mutex_lock','Escher_mutex_unlock','Escher_nonbusy_wait','Escher_nonbusy_wake','Escher_thread_shutdown',0,'POSIX',0,1,'' );
INSERT INTO TE_FILE VALUES ( 'h','c','o','CSOClientListener_sys_main','sys_xtuml','sys_events','sys_nvs','NVS_bridge','sys_sets','CSOClientListener_sys_types','sys_thread','sys_trace','TIM_bridge','sys_user_co','','sys_persist','sys_xtumlload','sysc_interfaces','RegDefs','.','_ch','_ch','_ch','_ch','.','bridge.mark','system.mark','datatype.mark','event.mark','class.mark','domain.mark','sys_functions.arc','mc3020/arc','.' );
INSERT INTO TE_CALLOUT VALUES ( 'sys_user_co','UserInitializationCallout','UserPreOoaInitializationCallout','UserPostOoaInitializationCallout','UserBackgroundProcessingCallout','UserEventCantHappenCallout','UserPreShutdownCallout','UserPostShutdownCallout','UserEventNoInstanceCallout','UserEventFreeListEmptyCallout','UserEmptyHandleDetectedCallout','UserObjectPoolEmptyCallout','UserNodeListEmptyCallout','UserInterleavedBridgeOverflowCallout','UserSelfEventQueueEmptyCallout','UserNonSelfEventQueueEmptyCallout','UserPersistenceErrorCallout' );
INSERT INTO TE_STRING VALUES ( 'Escher_memset','Escher_memmove','Escher_strcpy','Escher_stradd','Escher_strlen','Escher_strcmp','Escher_strget','Escher_itoa','Escher_atoi','ESCHER_SYS_MAX_STRING_LEN','ESCHER_DEBUG_BUFFER_DEPTH','Escher_u128touuid','Escher_uuidtou128' );
INSERT INTO TE_TRACE VALUES ( 'COMP_MSG_START_TRACE','COMP_MSG_END_TRACE','STATE_TXN_START_TRACE','STATE_TXN_END_TRACE','STATE_TXN_IG_TRACE','STATE_TXN_CH_TRACE','OAL_ACTION_TRACE' );
INSERT INTO TE_COPYRIGHT VALUES ( 'your copyright statement can go here (from te_copyright.body)' );
INSERT INTO TE_DMA VALUES ( 'sys_memory','Escher_malloc','Escher_free',0 );
INSERT INTO TE_CONTAINER VALUES ( '' );
INSERT INTO TE_DLIST VALUES ( '','Escher_SetRemoveDlistNode' );
INSERT INTO TE_SLIST VALUES ( '','Escher_SetRemoveNode' );
INSERT INTO TE_TARGET VALUES ( 'C','#ifdef	__cplusplus
extern	"C"	{
#endif','#ifdef	__cplusplus
}
#endif','main' );
INSERT INTO TE_RELINFO VALUES ( "00000000-0000-0000-0000-000000000000","00000000-0000-0000-0000-000000000000","00000000-0000-0000-0000-000000000000","00000000-0000-0000-0000-000000000000","00000000-0000-0000-0000-000000000000","00000000-0000-0000-0000-000000000000",0,0,'',0,0,0,0 );
INSERT INTO TE_RELSTORE VALUES ( '','','',0,'','self' );
INSERT INTO TE_INSTANCE VALUES ( 'Escher_CreateInstance','Escher_CreatePersistent','Escher_DeleteInstance','Escher_DeletePersistent','self','Escher_GetSelf','Escher_InstanceBase_t','Escher_iHandle_t','Escher_ClassFactoryInit','Escher_Object_s','ESCHER_SYS_MAX_OBJECT_EXTENT','ESCHER_SYS_MAX_ASSOCIATION_EXTENT','ESCHER_SYS_MAX_TRANSIENT_EXTENT','current_state','','Escher_GetDCI','Escher_GetEventDispatcher','Escher_GetThreadAssignment','' );
INSERT INTO TE_TIM VALUES ( 'ESCHER_SYS_MAX_XTUML_TIMERS',1,1,0,'ETimer_t','','' );
INSERT INTO TE_TYPEMAP VALUES ( 'Escher_InstanceIndex_t','u2_t','Escher_ClassSize_t','Escher_size_t','Escher_ClassNumber_t','u2_t','Escher_StateNumber_t','u1_t','Escher_DomainNumber_t','u1_t','Escher_EventNumber_t','u1_t','Escher_EventPriority_t','u1_t','Escher_EventFlags_t','u1_t','Escher_PolyEventRC_t','u1_t','Escher_SEMcell_t','u1_t','','','' );
INSERT INTO TE_EXTENT VALUES ( 'Escher_ObjectSet_s','Escher_Extent_t','active','inactive','','Escher_ClassSize_t','size','Escher_StateNumber_t','initial_state','Escher_SetElement_s*','container','Escher_iHandle_t','pool','Escher_InstanceIndex_t','population','Escher_ClassSize_t','size_no_rel','link_function' );
INSERT INTO TE_MACT VALUES ( "00000000-0000-0000-0000-000000000033","00000000-0000-0000-0000-000000000032",'CSOListener_Port1_disconnect','','CSOListener_Port1_disconnect','CSOListener','','Port1','connection','disconnect',0,0,'SPR_RO',0,0,1,"00000000-0000-0000-0000-000000000000","00000000-0000-0000-0000-000000000000","00000000-0000-0000-0000-00000000000b","00000000-0000-0000-0000-000000000000","00000000-0000-0000-0000-00000000001a","00000000-0000-0000-0000-00000000001c","00000000-0000-0000-0000-000000000000","00000000-0000-0000-0000-000000000000" );
INSERT INTO TE_MACT VALUES ( "00000000-0000-0000-0000-000000000036","00000000-0000-0000-0000-000000000035",'CSOListener_Port1_connect','','CSOListener_Port1_connect','CSOListener','','Port1','connection','connect',0,0,'SPR_RO',0,0,0,"00000000-0000-0000-0000-000000000000","00000000-0000-0000-0000-000000000000","00000000-0000-0000-0000-000000000007","00000000-0000-0000-0000-000000000000","00000000-0000-0000-0000-00000000001a","00000000-0000-0000-0000-00000000001c","00000000-0000-0000-0000-000000000000","00000000-0000-0000-0000-000000000032" );
INSERT INTO TE_IIR VALUES ( "00000000-0000-0000-0000-00000000001d",'CSOListener','Port1','connection',0,'','',"00000000-0000-0000-0000-000000000000","00000000-0000-0000-0000-000000000005","00000000-0000-0000-0000-00000000001c","00000000-0000-0000-0000-000000000000" );
INSERT INTO TE_DCI VALUES ( "00000000-0000-0000-0000-00000000001a",'CSOListener_CLASS_NUMBERS','CSOListener_CLASS_U','CSOListener_task_numbers','CSOListener_TASK_NUMBERS','CSOListener_MAX_CLASS_NUMBERS','CSOListener_STATE_MODELS','CSOListener_CLASS_INFO_INIT','CSOListener_class_info' );
INSERT INTO TE_CIA VALUES ( 'domain_class_info','Escher_Extent_t','active_count','domain_class_count','Escher_ClassNumber_t' );
INSERT INTO TE_BLK VALUES ( "00000000-0000-0000-0000-00000000002e","00000000-0000-0000-0000-000000000000",'','',1,'  ',"00000000-0000-0000-0000-000000000000" );
INSERT INTO TE_BLK VALUES ( "00000000-0000-0000-0000-00000000002a","00000000-0000-0000-0000-000000000000",'','',1,'  ',"00000000-0000-0000-0000-000000000000" );
INSERT INTO TE_BLK VALUES ( "00000000-0000-0000-0000-000000000026","00000000-0000-0000-0000-000000000000",'','',1,'  ',"00000000-0000-0000-0000-000000000000" );
INSERT INTO TE_BLK VALUES ( "00000000-0000-0000-0000-000000000022","00000000-0000-0000-0000-000000000000",'','',1,'  ',"00000000-0000-0000-0000-000000000049" );
INSERT INTO TE_BLK VALUES ( "00000000-0000-0000-0000-00000000001e","00000000-0000-0000-0000-000000000000",'','',1,'  ',"00000000-0000-0000-0000-000000000046" );
INSERT INTO TE_BLK VALUES ( "00000000-0000-0000-0000-00000000001a","00000000-0000-0000-0000-000000000000",'','',1,'  ',"00000000-0000-0000-0000-000000000043" );
INSERT INTO TE_BLK VALUES ( "00000000-0000-0000-0000-00000000000e","00000000-0000-0000-0000-000000000000",'','',1,'  ',"00000000-0000-0000-0000-000000000033" );
INSERT INTO TE_BLK VALUES ( "00000000-0000-0000-0000-00000000000a","00000000-0000-0000-0000-000000000000",'','',1,'  ',"00000000-0000-0000-0000-000000000036" );
INSERT INTO TE_ASSIGN VALUES ( 0,0,'','',0,'','',"00000000-0000-0000-0000-000000000001",0 );
INSERT INTO TE_BRIDGE VALUES ( '','',"00000000-0000-0000-0000-000000000017" );
INSERT INTO TE_CREATE_EVENT VALUES ( "00000000-0000-0000-0000-000000000000",0,'','','','','','',"00000000-0000-0000-0000-000000000008" );
INSERT INTO TE_CREATE_INSTANCE VALUES ( "00000000-0000-0000-0000-000000000000",0,'','',"00000000-0000-0000-0000-000000000002" );
INSERT INTO TE_DELETE_INSTANCE VALUES ( "00000000-0000-0000-0000-000000000000",'',0,"00000000-0000-0000-0000-000000000007" );
INSERT INTO TE_ELIF VALUES ( '',"00000000-0000-0000-0000-000000000006" );
INSERT INTO TE_EVENT_PARAMETERS VALUES ( '','','','',"00000000-0000-0000-0000-000000000010" );
INSERT INTO TE_FOR VALUES ( 0,'','','',"00000000-0000-0000-0000-000000000003" );
INSERT INTO TE_FUNCTION VALUES ( '','',"00000000-0000-0000-0000-000000000018" );
INSERT INTO TE_GENERATE VALUES ( "00000000-0000-0000-0000-000000000000",0,'','','','',"00000000-0000-0000-0000-000000000011" );
INSERT INTO TE_GENERATE_CREATOR_EVENT VALUES ( "00000000-0000-0000-0000-000000000000",0,'','','','',"00000000-0000-0000-0000-000000000012" );
INSERT INTO TE_GENERATE_PRECREATED_EVENT VALUES ( 0,'',"00000000-0000-0000-0000-00000000000f" );
INSERT INTO TE_GENERATE_TO_CLASS VALUES ( "00000000-0000-0000-0000-000000000000",0,'','','','',"00000000-0000-0000-0000-000000000013" );
INSERT INTO TE_IF VALUES ( '',"00000000-0000-0000-0000-000000000004" );
INSERT INTO TE_IOP VALUES ( '','',"00000000-0000-0000-0000-000000000015" );
INSERT INTO TE_OPERATION VALUES ( 0,'','','',"00000000-0000-0000-0000-000000000016" );
INSERT INTO TE_RELATE VALUES ( "00000000-0000-0000-0000-000000000000","00000000-0000-0000-0000-000000000000","00000000-0000-0000-0000-000000000000",0,0,'','','',"00000000-0000-0000-0000-000000000009" );
INSERT INTO TE_RELATE_USING VALUES ( "00000000-0000-0000-0000-000000000000","00000000-0000-0000-0000-000000000000","00000000-0000-0000-0000-000000000000","00000000-0000-0000-0000-000000000000",0,0,'','','','','','',"00000000-0000-0000-0000-00000000000a" );
INSERT INTO TE_RETURN VALUES ( '','','',"00000000-0000-0000-0000-000000000019" );
INSERT INTO TE_SELECT VALUES ( "00000000-0000-0000-0000-000000000000",0,'','','','','',"00000000-0000-0000-0000-00000000000d" );
INSERT INTO TE_SELECT_WHERE VALUES ( "00000000-0000-0000-0000-000000000000",0,'','','','','','','',0,0,"00000000-0000-0000-0000-00000000000e" );
INSERT INTO TE_SGN VALUES ( "00000000-0000-0000-0000-000000000000",0,'','','','',"00000000-0000-0000-0000-000000000014" );
INSERT INTO TE_UNRELATE VALUES ( "00000000-0000-0000-0000-000000000000","00000000-0000-0000-0000-000000000000","00000000-0000-0000-0000-000000000000",0,0,'','','',"00000000-0000-0000-0000-00000000000b" );
INSERT INTO TE_UNRELATE_USING VALUES ( "00000000-0000-0000-0000-000000000000","00000000-0000-0000-0000-000000000000","00000000-0000-0000-0000-000000000000","00000000-0000-0000-0000-000000000000",0,0,'','','','','','',"00000000-0000-0000-0000-00000000000c" );
INSERT INTO TE_WHILE VALUES ( '',"00000000-0000-0000-0000-000000000005" );
INSERT INTO C_C VALUES ( "00000000-0000-0000-0000-000000000003","00000000-0000-0000-0000-000000000000","00000000-0000-0000-0000-000000000000",'CSOListener','',0,"00000000-0000-0000-0000-000000000000",0,'' );
INSERT INTO C_I VALUES ( "00000000-0000-0000-0000-000000000006","00000000-0000-0000-0000-000000000000",'connection','' );
INSERT INTO C_R VALUES ( "00000000-0000-0000-0000-000000000005",'connection','','Unnamed Interface','CSOListener::Port1::connection' );
INSERT INTO C_EP VALUES ( "00000000-0000-0000-0000-000000000008","00000000-0000-0000-0000-000000000006",-1,'connect','' );
INSERT INTO C_EP VALUES ( "00000000-0000-0000-0000-00000000000c","00000000-0000-0000-0000-000000000006",-1,'disconnect','' );
INSERT INTO C_IO VALUES ( "00000000-0000-0000-0000-000000000008","00000000-0000-0000-0000-000000000030",'connect','',0,'',"00000000-0000-0000-0000-000000000000" );
INSERT INTO C_IO VALUES ( "00000000-0000-0000-0000-00000000000c","00000000-0000-0000-0000-000000000030",'disconnect','',0,'',"00000000-0000-0000-0000-000000000008" );
INSERT INTO C_IR VALUES ( "00000000-0000-0000-0000-000000000005","00000000-0000-0000-0000-000000000006","00000000-0000-0000-0000-000000000000","00000000-0000-0000-0000-000000000004" );
INSERT INTO C_PO VALUES ( "00000000-0000-0000-0000-000000000004","00000000-0000-0000-0000-000000000003",'Port1',0,0 );
INSERT INTO SPR_REP VALUES ( "00000000-0000-0000-0000-000000000007","00000000-0000-0000-0000-000000000008","00000000-0000-0000-0000-000000000005" );
INSERT INTO SPR_REP VALUES ( "00000000-0000-0000-0000-00000000000b","00000000-0000-0000-0000-00000000000c","00000000-0000-0000-0000-000000000005" );
INSERT INTO SPR_RO VALUES ( "00000000-0000-0000-0000-000000000007",'connect','','',1,0 );
INSERT INTO SPR_RO VALUES ( "00000000-0000-0000-0000-00000000000b",'disconnect','','',1,0 );
INSERT INTO SM_SM VALUES ( "00000000-0000-0000-0000-000000000013",'',0 );
INSERT INTO SM_STATE VALUES ( "00000000-0000-0000-0000-000000000017","00000000-0000-0000-0000-000000000013","00000000-0000-0000-0000-000000000000",'Idle',1,0 );
INSERT INTO SM_STATE VALUES ( "00000000-0000-0000-0000-00000000001b","00000000-0000-0000-0000-000000000013","00000000-0000-0000-0000-000000000000",'connecting',2,0 );
INSERT INTO SM_STATE VALUES ( "00000000-0000-0000-0000-00000000001f","00000000-0000-0000-0000-000000000013","00000000-0000-0000-0000-000000000000",'Connected',3,0 );
INSERT INTO SM_EVT VALUES ( "00000000-0000-0000-0000-000000000014","00000000-0000-0000-0000-000000000013","00000000-0000-0000-0000-000000000000",1,'startup',0,'','CSOConnection1','' );
INSERT INTO SM_EVT VALUES ( "00000000-0000-0000-0000-000000000015","00000000-0000-0000-0000-000000000013","00000000-0000-0000-0000-000000000000",2,'connection requested',0,'','CSOConnection2','' );
INSERT INTO SM_EVT VALUES ( "00000000-0000-0000-0000-000000000016","00000000-0000-0000-0000-000000000013","00000000-0000-0000-0000-000000000000",3,'connected',0,'','CSOConnection3','' );
INSERT INTO SM_SEME VALUES ( "00000000-0000-0000-0000-000000000017","00000000-0000-0000-0000-000000000014","00000000-0000-0000-0000-000000000013","00000000-0000-0000-0000-000000000000" );
INSERT INTO SM_SEME VALUES ( "00000000-0000-0000-0000-000000000017","00000000-0000-0000-0000-000000000015","00000000-0000-0000-0000-000000000013","00000000-0000-0000-0000-000000000000" );
INSERT INTO SM_SEME VALUES ( "00000000-0000-0000-0000-000000000017","00000000-0000-0000-0000-000000000016","00000000-0000-0000-0000-000000000013","00000000-0000-0000-0000-000000000000" );
INSERT INTO SM_SEME VALUES ( "00000000-0000-0000-0000-00000000001b","00000000-0000-0000-0000-000000000014","00000000-0000-0000-0000-000000000013","00000000-0000-0000-0000-000000000000" );
INSERT INTO SM_SEME VALUES ( "00000000-0000-0000-0000-00000000001b","00000000-0000-0000-0000-000000000015","00000000-0000-0000-0000-000000000013","00000000-0000-0000-0000-000000000000" );
INSERT INTO SM_SEME VALUES ( "00000000-0000-0000-0000-00000000001b","00000000-0000-0000-0000-000000000016","00000000-0000-0000-0000-000000000013","00000000-0000-0000-0000-000000000000" );
INSERT INTO SM_SEME VALUES ( "00000000-0000-0000-0000-00000000001f","00000000-0000-0000-0000-000000000014","00000000-0000-0000-0000-000000000013","00000000-0000-0000-0000-000000000000" );
INSERT INTO SM_SEME VALUES ( "00000000-0000-0000-0000-00000000001f","00000000-0000-0000-0000-000000000015","00000000-0000-0000-0000-000000000013","00000000-0000-0000-0000-000000000000" );
INSERT INTO SM_SEME VALUES ( "00000000-0000-0000-0000-00000000001f","00000000-0000-0000-0000-000000000016","00000000-0000-0000-0000-000000000013","00000000-0000-0000-0000-000000000000" );
INSERT INTO SM_NSTXN VALUES ( "00000000-0000-0000-0000-000000000027","00000000-0000-0000-0000-000000000013","00000000-0000-0000-0000-000000000017","00000000-0000-0000-0000-000000000015","00000000-0000-0000-0000-000000000000" );
INSERT INTO SM_NSTXN VALUES ( "00000000-0000-0000-0000-00000000002b","00000000-0000-0000-0000-000000000013","00000000-0000-0000-0000-00000000001b","00000000-0000-0000-0000-000000000016","00000000-0000-0000-0000-000000000000" );
INSERT INTO SM_CH VALUES ( "00000000-0000-0000-0000-000000000017","00000000-0000-0000-0000-000000000014","00000000-0000-0000-0000-000000000013","00000000-0000-0000-0000-000000000000",'' );
INSERT INTO SM_CH VALUES ( "00000000-0000-0000-0000-000000000017","00000000-0000-0000-0000-000000000016","00000000-0000-0000-0000-000000000013","00000000-0000-0000-0000-000000000000",'' );
INSERT INTO SM_CH VALUES ( "00000000-0000-0000-0000-00000000001b","00000000-0000-0000-0000-000000000014","00000000-0000-0000-0000-000000000013","00000000-0000-0000-0000-000000000000",'' );
INSERT INTO SM_CH VALUES ( "00000000-0000-0000-0000-00000000001b","00000000-0000-0000-0000-000000000015","00000000-0000-0000-0000-000000000013","00000000-0000-0000-0000-000000000000",'' );
INSERT INTO SM_CH VALUES ( "00000000-0000-0000-0000-00000000001f","00000000-0000-0000-0000-000000000014","00000000-0000-0000-0000-000000000013","00000000-0000-0000-0000-000000000000",'' );
INSERT INTO SM_CH VALUES ( "00000000-0000-0000-0000-00000000001f","00000000-0000-0000-0000-000000000015","00000000-0000-0000-0000-000000000013","00000000-0000-0000-0000-000000000000",'' );
INSERT INTO SM_CH VALUES ( "00000000-0000-0000-0000-00000000001f","00000000-0000-0000-0000-000000000016","00000000-0000-0000-0000-000000000013","00000000-0000-0000-0000-000000000000",'' );
INSERT INTO SM_TXN VALUES ( "00000000-0000-0000-0000-000000000023","00000000-0000-0000-0000-000000000013","00000000-0000-0000-0000-000000000017","00000000-0000-0000-0000-000000000000" );
INSERT INTO SM_TXN VALUES ( "00000000-0000-0000-0000-000000000027","00000000-0000-0000-0000-000000000013","00000000-0000-0000-0000-00000000001b","00000000-0000-0000-0000-000000000000" );
INSERT INTO SM_TXN VALUES ( "00000000-0000-0000-0000-00000000002b","00000000-0000-0000-0000-000000000013","00000000-0000-0000-0000-00000000001f","00000000-0000-0000-0000-000000000000" );
INSERT INTO SM_CRTXN VALUES ( "00000000-0000-0000-0000-000000000023","00000000-0000-0000-0000-000000000013","00000000-0000-0000-0000-000000000014","00000000-0000-0000-0000-000000000000" );
INSERT INTO SM_MOORE VALUES ( "00000000-0000-0000-0000-000000000013" );
INSERT INTO SM_MOAH VALUES ( "00000000-0000-0000-0000-000000000018","00000000-0000-0000-0000-000000000013","00000000-0000-0000-0000-000000000017" );
INSERT INTO SM_MOAH VALUES ( "00000000-0000-0000-0000-00000000001c","00000000-0000-0000-0000-000000000013","00000000-0000-0000-0000-00000000001b" );
INSERT INTO SM_MOAH VALUES ( "00000000-0000-0000-0000-000000000020","00000000-0000-0000-0000-000000000013","00000000-0000-0000-0000-00000000001f" );
INSERT INTO SM_AH VALUES ( "00000000-0000-0000-0000-000000000018","00000000-0000-0000-0000-000000000013" );
INSERT INTO SM_AH VALUES ( "00000000-0000-0000-0000-00000000001c","00000000-0000-0000-0000-000000000013" );
INSERT INTO SM_AH VALUES ( "00000000-0000-0000-0000-000000000020","00000000-0000-0000-0000-000000000013" );
INSERT INTO SM_AH VALUES ( "00000000-0000-0000-0000-000000000024","00000000-0000-0000-0000-000000000013" );
INSERT INTO SM_AH VALUES ( "00000000-0000-0000-0000-000000000028","00000000-0000-0000-0000-000000000013" );
INSERT INTO SM_AH VALUES ( "00000000-0000-0000-0000-00000000002c","00000000-0000-0000-0000-000000000013" );
INSERT INTO SM_ACT VALUES ( "00000000-0000-0000-0000-000000000018","00000000-0000-0000-0000-000000000013",1,'','',0 );
INSERT INTO SM_ACT VALUES ( "00000000-0000-0000-0000-00000000001c","00000000-0000-0000-0000-000000000013",1,'','',0 );
INSERT INTO SM_ACT VALUES ( "00000000-0000-0000-0000-000000000020","00000000-0000-0000-0000-000000000013",1,'','',0 );
INSERT INTO SM_ACT VALUES ( "00000000-0000-0000-0000-000000000024","00000000-0000-0000-0000-000000000013",1,'','',0 );
INSERT INTO SM_ACT VALUES ( "00000000-0000-0000-0000-000000000028","00000000-0000-0000-0000-000000000013",1,'','',0 );
INSERT INTO SM_ACT VALUES ( "00000000-0000-0000-0000-00000000002c","00000000-0000-0000-0000-000000000013",1,'','',0 );
INSERT INTO SM_ISM VALUES ( "00000000-0000-0000-0000-000000000013","00000000-0000-0000-0000-000000000010" );
INSERT INTO SM_SEVT VALUES ( "00000000-0000-0000-0000-000000000014","00000000-0000-0000-0000-000000000013","00000000-0000-0000-0000-000000000000" );
INSERT INTO SM_SEVT VALUES ( "00000000-0000-0000-0000-000000000015","00000000-0000-0000-0000-000000000013","00000000-0000-0000-0000-000000000000" );
INSERT INTO SM_SEVT VALUES ( "00000000-0000-0000-0000-000000000016","00000000-0000-0000-0000-000000000013","00000000-0000-0000-0000-000000000000" );
INSERT INTO SM_LEVT VALUES ( "00000000-0000-0000-0000-000000000014","00000000-0000-0000-0000-000000000013","00000000-0000-0000-0000-000000000000" );
INSERT INTO SM_LEVT VALUES ( "00000000-0000-0000-0000-000000000015","00000000-0000-0000-0000-000000000013","00000000-0000-0000-0000-000000000000" );
INSERT INTO SM_LEVT VALUES ( "00000000-0000-0000-0000-000000000016","00000000-0000-0000-0000-000000000013","00000000-0000-0000-0000-000000000000" );
INSERT INTO SM_TAH VALUES ( "00000000-0000-0000-0000-000000000024","00000000-0000-0000-0000-000000000013","00000000-0000-0000-0000-000000000023" );
INSERT INTO SM_TAH VALUES ( "00000000-0000-0000-0000-000000000028","00000000-0000-0000-0000-000000000013","00000000-0000-0000-0000-000000000027" );
INSERT INTO SM_TAH VALUES ( "00000000-0000-0000-0000-00000000002c","00000000-0000-0000-0000-000000000013","00000000-0000-0000-0000-00000000002b" );
INSERT INTO PE_PE VALUES ( "00000000-0000-0000-0000-000000000003",1,"00000000-0000-0000-0000-000000000002","00000000-0000-0000-0000-000000000000",2 );
INSERT INTO PE_PE VALUES ( "00000000-0000-0000-0000-00000000000f",1,"00000000-0000-0000-0000-000000000000","00000000-0000-0000-0000-000000000003",7 );
INSERT INTO PE_PE VALUES ( "00000000-0000-0000-0000-000000000010",1,"00000000-0000-0000-0000-00000000000f","00000000-0000-0000-0000-000000000000",4 );
INSERT INTO PE_PE VALUES ( "00000000-0000-0000-0000-000000000006",1,"00000000-0000-0000-0000-00000000002f","00000000-0000-0000-0000-000000000000",6 );
INSERT INTO PE_PE VALUES ( "00000000-0000-0000-0000-000000000030",1,"00000000-0000-0000-0000-000000000000","00000000-0000-0000-0000-000000000000",3 );
INSERT INTO PE_PE VALUES ( "00000000-0000-0000-0000-000000000031",1,"00000000-0000-0000-0000-000000000000","00000000-0000-0000-0000-000000000000",3 );
INSERT INTO PE_PE VALUES ( "00000000-0000-0000-0000-000000000032",1,"00000000-0000-0000-0000-000000000000","00000000-0000-0000-0000-000000000000",3 );
INSERT INTO PE_PE VALUES ( "00000000-0000-0000-0000-000000000033",1,"00000000-0000-0000-0000-000000000000","00000000-0000-0000-0000-000000000000",3 );
INSERT INTO PE_PE VALUES ( "00000000-0000-0000-0000-000000000034",1,"00000000-0000-0000-0000-000000000000","00000000-0000-0000-0000-000000000000",3 );
INSERT INTO PE_PE VALUES ( "00000000-0000-0000-0000-000000000035",1,"00000000-0000-0000-0000-000000000000","00000000-0000-0000-0000-000000000000",3 );
INSERT INTO PE_PE VALUES ( "00000000-0000-0000-0000-000000000012",1,"00000000-0000-0000-0000-000000000000","00000000-0000-0000-0000-000000000000",3 );
INSERT INTO PE_PE VALUES ( "00000000-0000-0000-0000-000000000036",1,"00000000-0000-0000-0000-000000000000","00000000-0000-0000-0000-000000000000",3 );
INSERT INTO PE_PE VALUES ( "00000000-0000-0000-0000-000000000037",1,"00000000-0000-0000-0000-000000000000","00000000-0000-0000-0000-000000000000",3 );
INSERT INTO PE_PE VALUES ( "00000000-0000-0000-0000-000000000038",1,"00000000-0000-0000-0000-000000000000","00000000-0000-0000-0000-000000000000",3 );
INSERT INTO PE_PE VALUES ( "00000000-0000-0000-0000-000000000039",1,"00000000-0000-0000-0000-000000000000","00000000-0000-0000-0000-000000000000",3 );
INSERT INTO PE_PE VALUES ( "00000000-0000-0000-0000-00000000003a",1,"00000000-0000-0000-0000-000000000000","00000000-0000-0000-0000-000000000000",3 );
INSERT INTO PE_PE VALUES ( "00000000-0000-0000-0000-00000000003b",1,"00000000-0000-0000-0000-000000000000","00000000-0000-0000-0000-000000000000",3 );
INSERT INTO PE_PE VALUES ( "00000000-0000-0000-0000-00000000003c",1,"00000000-0000-0000-0000-000000000000","00000000-0000-0000-0000-000000000000",3 );
INSERT INTO PE_PE VALUES ( "00000000-0000-0000-0000-00000000003d",1,"00000000-0000-0000-0000-000000000000","00000000-0000-0000-0000-000000000000",3 );
INSERT INTO PE_PE VALUES ( "00000000-0000-0000-0000-00000000003e",1,"00000000-0000-0000-0000-000000000000","00000000-0000-0000-0000-000000000000",3 );
INSERT INTO PE_PE VALUES ( "00000000-0000-0000-0000-00000000003f",1,"00000000-0000-0000-0000-000000000000","00000000-0000-0000-0000-000000000000",3 );
INSERT INTO S_DT VALUES ( "00000000-0000-0000-0000-000000000030","00000000-0000-0000-0000-000000000000",'void','','' );
INSERT INTO S_DT VALUES ( "00000000-0000-0000-0000-000000000031","00000000-0000-0000-0000-000000000000",'boolean','','' );
INSERT INTO S_DT VALUES ( "00000000-0000-0000-0000-000000000032","00000000-0000-0000-0000-000000000000",'integer','','' );
INSERT INTO S_DT VALUES ( "00000000-0000-0000-0000-000000000033","00000000-0000-0000-0000-000000000000",'real','','' );
INSERT INTO S_DT VALUES ( "00000000-0000-0000-0000-000000000034","00000000-0000-0000-0000-000000000000",'string','','' );
INSERT INTO S_DT VALUES ( "00000000-0000-0000-0000-000000000035","00000000-0000-0000-0000-000000000000",'unique_id','','' );
INSERT INTO S_DT VALUES ( "00000000-0000-0000-0000-000000000012","00000000-0000-0000-0000-000000000000",'state<State_Model>','','' );
INSERT INTO S_DT VALUES ( "00000000-0000-0000-0000-000000000036","00000000-0000-0000-0000-000000000000",'same_as<Base_Attribute>','','' );
INSERT INTO S_DT VALUES ( "00000000-0000-0000-0000-000000000037","00000000-0000-0000-0000-000000000000",'inst_ref<Object>','','' );
INSERT INTO S_DT VALUES ( "00000000-0000-0000-0000-000000000038","00000000-0000-0000-0000-000000000000",'inst_ref_set<Object>','','' );
INSERT INTO S_DT VALUES ( "00000000-0000-0000-0000-000000000039","00000000-0000-0000-0000-000000000000",'inst<Event>','','' );
INSERT INTO S_DT VALUES ( "00000000-0000-0000-0000-00000000003a","00000000-0000-0000-0000-000000000000",'inst<Mapping>','','' );
INSERT INTO S_DT VALUES ( "00000000-0000-0000-0000-00000000003b","00000000-0000-0000-0000-000000000000",'inst_ref<Mapping>','','' );
INSERT INTO S_DT VALUES ( "00000000-0000-0000-0000-00000000003c","00000000-0000-0000-0000-000000000000",'component_ref','','' );
INSERT INTO S_DT VALUES ( "00000000-0000-0000-0000-00000000003d","00000000-0000-0000-0000-000000000000",'date','','' );
INSERT INTO S_DT VALUES ( "00000000-0000-0000-0000-00000000003e","00000000-0000-0000-0000-000000000000",'inst_ref<Timer>','','' );
INSERT INTO S_DT VALUES ( "00000000-0000-0000-0000-00000000003f","00000000-0000-0000-0000-000000000000",'timestamp','','' );
