-- root-types-contained: SystemModel_c,PackageableElement_c,DataType_c,CoreDataType_c,UserDataType_c
-- BP 7.1 content: StreamData syschar: 3 persistence-version: 7.1.6

INSERT INTO S_SYS
	VALUES ("cc60b714-5a20-42c4-ab24-7f5c4f86f9e4",
	'CSOClientListener',
	1);
INSERT INTO EP_PKG
	VALUES ("142fe250-7c5e-40ca-a287-ba32b06e5759",
	"cc60b714-5a20-42c4-ab24-7f5c4f86f9e4",
	"cc60b714-5a20-42c4-ab24-7f5c4f86f9e4",
	'CSOListener',
	'',
	0);
INSERT INTO PE_PE
	VALUES ("05de7181-c6bc-4c89-844a-e248237d6297",
	1,
	"142fe250-7c5e-40ca-a287-ba32b06e5759",
	"00000000-0000-0000-0000-000000000000",
	2);
INSERT INTO C_C
	VALUES ("05de7181-c6bc-4c89-844a-e248237d6297",
	"00000000-0000-0000-0000-000000000000",
	"00000000-0000-0000-0000-000000000000",
	'CSOListener',
	'',
	0,
	"00000000-0000-0000-0000-000000000000",
	0,
	'');
INSERT INTO C_PO
	VALUES ("8f7ad7ff-d5fd-4c19-a869-bfe642c86573",
	"05de7181-c6bc-4c89-844a-e248237d6297",
	'Port1',
	0,
	0);
INSERT INTO C_IR
	VALUES ("d5eadd89-923c-4716-9e1d-6813ce2c8e44",
	"47c199f9-e800-4aac-8038-e89b499b8b27",
	"00000000-0000-0000-0000-000000000000",
	"8f7ad7ff-d5fd-4c19-a869-bfe642c86573");
INSERT INTO C_R
	VALUES ("d5eadd89-923c-4716-9e1d-6813ce2c8e44",
	'connection',
	'',
	'Unnamed Interface',
	'CSOListener::Port1::connection');
INSERT INTO SPR_REP
	VALUES ("1816bf35-6701-4ed5-9dee-9b33285a0718",
	"33415b4e-762a-48b6-9daa-7192f7db2839",
	"d5eadd89-923c-4716-9e1d-6813ce2c8e44");
INSERT INTO SPR_RO
	VALUES ("1816bf35-6701-4ed5-9dee-9b33285a0718",
	'connect',
	'',
	'',
	1,
	0);
INSERT INTO ACT_ROB
	VALUES ("e39c25d6-67c9-4d55-80f1-490f65f376bf",
	"1816bf35-6701-4ed5-9dee-9b33285a0718");
INSERT INTO ACT_ACT
	VALUES ("e39c25d6-67c9-4d55-80f1-490f65f376bf",
	'interface operation',
	0,
	"77b1d77e-fab0-46bf-9c50-98f16d2f9f60",
	"00000000-0000-0000-0000-000000000000",
	0,
	'Port1::connection::connect',
	"00000000-0000-0000-0000-000000000000");
INSERT INTO ACT_BLK
	VALUES ("77b1d77e-fab0-46bf-9c50-98f16d2f9f60",
	0,
	0,
	0,
	'',
	'',
	'',
	0,
	0,
	0,
	0,
	0,
	0,
	0,
	0,
	0,
	0,
	0,
	0,
	0,
	"e39c25d6-67c9-4d55-80f1-490f65f376bf",
	"00000000-0000-0000-0000-000000000000");
INSERT INTO SPR_REP
	VALUES ("c898dc5f-2802-41c6-bd2d-eb335794fa7c",
	"750f100f-3d42-4e8f-8856-acae9cfde0b2",
	"d5eadd89-923c-4716-9e1d-6813ce2c8e44");
INSERT INTO SPR_RO
	VALUES ("c898dc5f-2802-41c6-bd2d-eb335794fa7c",
	'disconnect',
	'',
	'',
	1,
	0);
INSERT INTO ACT_ROB
	VALUES ("81582e8d-12dc-4097-9d7f-14ac6f0d8602",
	"c898dc5f-2802-41c6-bd2d-eb335794fa7c");
INSERT INTO ACT_ACT
	VALUES ("81582e8d-12dc-4097-9d7f-14ac6f0d8602",
	'interface operation',
	0,
	"e1a6743c-91db-4dd8-85d2-9ed640cee888",
	"00000000-0000-0000-0000-000000000000",
	0,
	'Port1::connection::disconnect',
	"00000000-0000-0000-0000-000000000000");
INSERT INTO ACT_BLK
	VALUES ("e1a6743c-91db-4dd8-85d2-9ed640cee888",
	0,
	0,
	0,
	'',
	'',
	'',
	0,
	0,
	0,
	0,
	0,
	0,
	0,
	0,
	0,
	0,
	0,
	0,
	0,
	"81582e8d-12dc-4097-9d7f-14ac6f0d8602",
	"00000000-0000-0000-0000-000000000000");
INSERT INTO PE_PE
	VALUES ("0134c08c-1cb4-45fc-90bb-7ace49de725b",
	1,
	"00000000-0000-0000-0000-000000000000",
	"05de7181-c6bc-4c89-844a-e248237d6297",
	7);
INSERT INTO EP_PKG
	VALUES ("0134c08c-1cb4-45fc-90bb-7ace49de725b",
	"00000000-0000-0000-0000-000000000000",
	"cc60b714-5a20-42c4-ab24-7f5c4f86f9e4",
	'CSOListener',
	'',
	0);
INSERT INTO PE_PE
	VALUES ("6b29bc5b-8cee-49a2-ba11-2d826d3e5448",
	1,
	"0134c08c-1cb4-45fc-90bb-7ace49de725b",
	"00000000-0000-0000-0000-000000000000",
	4);
INSERT INTO O_OBJ
	VALUES ("6b29bc5b-8cee-49a2-ba11-2d826d3e5448",
	'CSOConnection',
	1,
	'CSOConnection',
	'',
	"00000000-0000-0000-0000-000000000000");
INSERT INTO O_NBATTR
	VALUES ("b16eea37-bed8-4253-9810-baed218e4df0",
	"6b29bc5b-8cee-49a2-ba11-2d826d3e5448");
INSERT INTO O_BATTR
	VALUES ("b16eea37-bed8-4253-9810-baed218e4df0",
	"6b29bc5b-8cee-49a2-ba11-2d826d3e5448");
INSERT INTO O_ATTR
	VALUES ("b16eea37-bed8-4253-9810-baed218e4df0",
	"6b29bc5b-8cee-49a2-ba11-2d826d3e5448",
	"00000000-0000-0000-0000-000000000000",
	'current_state',
	'',
	'',
	'current_state',
	0,
	"ba5eda7a-def5-0000-0000-000000000006",
	'',
	'');
INSERT INTO O_ID
	VALUES (0,
	"6b29bc5b-8cee-49a2-ba11-2d826d3e5448");
INSERT INTO O_ID
	VALUES (1,
	"6b29bc5b-8cee-49a2-ba11-2d826d3e5448");
INSERT INTO O_ID
	VALUES (2,
	"6b29bc5b-8cee-49a2-ba11-2d826d3e5448");
INSERT INTO SM_ISM
	VALUES ("8759120a-5980-4b9a-87fa-c09bdbdb86dc",
	"6b29bc5b-8cee-49a2-ba11-2d826d3e5448");
INSERT INTO SM_SM
	VALUES ("8759120a-5980-4b9a-87fa-c09bdbdb86dc",
	'',
	0);
INSERT INTO SM_MOORE
	VALUES ("8759120a-5980-4b9a-87fa-c09bdbdb86dc");
INSERT INTO SM_LEVT
	VALUES ("b1e232f1-9128-45bc-89ac-0c161f0d9236",
	"8759120a-5980-4b9a-87fa-c09bdbdb86dc",
	"00000000-0000-0000-0000-000000000000");
INSERT INTO SM_SEVT
	VALUES ("b1e232f1-9128-45bc-89ac-0c161f0d9236",
	"8759120a-5980-4b9a-87fa-c09bdbdb86dc",
	"00000000-0000-0000-0000-000000000000");
INSERT INTO SM_EVT
	VALUES ("b1e232f1-9128-45bc-89ac-0c161f0d9236",
	"8759120a-5980-4b9a-87fa-c09bdbdb86dc",
	"00000000-0000-0000-0000-000000000000",
	1,
	'startup',
	0,
	'',
	'CSOConnection1',
	'');
INSERT INTO SM_LEVT
	VALUES ("e904df0e-6435-4bc4-9b6d-c0b8625d4c3e",
	"8759120a-5980-4b9a-87fa-c09bdbdb86dc",
	"00000000-0000-0000-0000-000000000000");
INSERT INTO SM_SEVT
	VALUES ("e904df0e-6435-4bc4-9b6d-c0b8625d4c3e",
	"8759120a-5980-4b9a-87fa-c09bdbdb86dc",
	"00000000-0000-0000-0000-000000000000");
INSERT INTO SM_EVT
	VALUES ("e904df0e-6435-4bc4-9b6d-c0b8625d4c3e",
	"8759120a-5980-4b9a-87fa-c09bdbdb86dc",
	"00000000-0000-0000-0000-000000000000",
	2,
	'connection requested',
	0,
	'',
	'CSOConnection2',
	'');
INSERT INTO SM_LEVT
	VALUES ("debc8c61-f068-4b38-aa90-cfd627a3552f",
	"8759120a-5980-4b9a-87fa-c09bdbdb86dc",
	"00000000-0000-0000-0000-000000000000");
INSERT INTO SM_SEVT
	VALUES ("debc8c61-f068-4b38-aa90-cfd627a3552f",
	"8759120a-5980-4b9a-87fa-c09bdbdb86dc",
	"00000000-0000-0000-0000-000000000000");
INSERT INTO SM_EVT
	VALUES ("debc8c61-f068-4b38-aa90-cfd627a3552f",
	"8759120a-5980-4b9a-87fa-c09bdbdb86dc",
	"00000000-0000-0000-0000-000000000000",
	3,
	'connected',
	0,
	'',
	'CSOConnection3',
	'');
INSERT INTO SM_STATE
	VALUES ("295293c7-c92d-42e1-9b7b-38f6bff804c3",
	"8759120a-5980-4b9a-87fa-c09bdbdb86dc",
	"00000000-0000-0000-0000-000000000000",
	'Idle',
	1,
	0);
INSERT INTO SM_CH
	VALUES ("295293c7-c92d-42e1-9b7b-38f6bff804c3",
	"b1e232f1-9128-45bc-89ac-0c161f0d9236",
	"8759120a-5980-4b9a-87fa-c09bdbdb86dc",
	"00000000-0000-0000-0000-000000000000",
	'');
INSERT INTO SM_SEME
	VALUES ("295293c7-c92d-42e1-9b7b-38f6bff804c3",
	"b1e232f1-9128-45bc-89ac-0c161f0d9236",
	"8759120a-5980-4b9a-87fa-c09bdbdb86dc",
	"00000000-0000-0000-0000-000000000000");
INSERT INTO SM_SEME
	VALUES ("295293c7-c92d-42e1-9b7b-38f6bff804c3",
	"e904df0e-6435-4bc4-9b6d-c0b8625d4c3e",
	"8759120a-5980-4b9a-87fa-c09bdbdb86dc",
	"00000000-0000-0000-0000-000000000000");
INSERT INTO SM_CH
	VALUES ("295293c7-c92d-42e1-9b7b-38f6bff804c3",
	"debc8c61-f068-4b38-aa90-cfd627a3552f",
	"8759120a-5980-4b9a-87fa-c09bdbdb86dc",
	"00000000-0000-0000-0000-000000000000",
	'');
INSERT INTO SM_SEME
	VALUES ("295293c7-c92d-42e1-9b7b-38f6bff804c3",
	"debc8c61-f068-4b38-aa90-cfd627a3552f",
	"8759120a-5980-4b9a-87fa-c09bdbdb86dc",
	"00000000-0000-0000-0000-000000000000");
INSERT INTO SM_MOAH
	VALUES ("bedd09bc-478a-4d04-8dfa-e77dc1c955f4",
	"8759120a-5980-4b9a-87fa-c09bdbdb86dc",
	"295293c7-c92d-42e1-9b7b-38f6bff804c3");
INSERT INTO SM_AH
	VALUES ("bedd09bc-478a-4d04-8dfa-e77dc1c955f4",
	"8759120a-5980-4b9a-87fa-c09bdbdb86dc");
INSERT INTO SM_ACT
	VALUES ("bedd09bc-478a-4d04-8dfa-e77dc1c955f4",
	"8759120a-5980-4b9a-87fa-c09bdbdb86dc",
	1,
	'',
	'',
	0);
INSERT INTO ACT_SAB
	VALUES ("d2574612-21d4-43cf-930a-2a24af7319a4",
	"8759120a-5980-4b9a-87fa-c09bdbdb86dc",
	"bedd09bc-478a-4d04-8dfa-e77dc1c955f4");
INSERT INTO ACT_ACT
	VALUES ("d2574612-21d4-43cf-930a-2a24af7319a4",
	'state',
	0,
	"bad80f67-8be6-4f4e-8922-8209587021b4",
	"00000000-0000-0000-0000-000000000000",
	0,
	'CSOConnection::Idle',
	"00000000-0000-0000-0000-000000000000");
INSERT INTO ACT_BLK
	VALUES ("bad80f67-8be6-4f4e-8922-8209587021b4",
	0,
	0,
	0,
	'',
	'',
	'',
	0,
	0,
	0,
	0,
	0,
	0,
	0,
	0,
	0,
	0,
	0,
	0,
	0,
	"d2574612-21d4-43cf-930a-2a24af7319a4",
	"00000000-0000-0000-0000-000000000000");
INSERT INTO SM_STATE
	VALUES ("b29eb3b1-4d16-4390-bc7a-76505ee6e86a",
	"8759120a-5980-4b9a-87fa-c09bdbdb86dc",
	"00000000-0000-0000-0000-000000000000",
	'connecting',
	2,
	0);
INSERT INTO SM_CH
	VALUES ("b29eb3b1-4d16-4390-bc7a-76505ee6e86a",
	"b1e232f1-9128-45bc-89ac-0c161f0d9236",
	"8759120a-5980-4b9a-87fa-c09bdbdb86dc",
	"00000000-0000-0000-0000-000000000000",
	'');
INSERT INTO SM_SEME
	VALUES ("b29eb3b1-4d16-4390-bc7a-76505ee6e86a",
	"b1e232f1-9128-45bc-89ac-0c161f0d9236",
	"8759120a-5980-4b9a-87fa-c09bdbdb86dc",
	"00000000-0000-0000-0000-000000000000");
INSERT INTO SM_CH
	VALUES ("b29eb3b1-4d16-4390-bc7a-76505ee6e86a",
	"e904df0e-6435-4bc4-9b6d-c0b8625d4c3e",
	"8759120a-5980-4b9a-87fa-c09bdbdb86dc",
	"00000000-0000-0000-0000-000000000000",
	'');
INSERT INTO SM_SEME
	VALUES ("b29eb3b1-4d16-4390-bc7a-76505ee6e86a",
	"e904df0e-6435-4bc4-9b6d-c0b8625d4c3e",
	"8759120a-5980-4b9a-87fa-c09bdbdb86dc",
	"00000000-0000-0000-0000-000000000000");
INSERT INTO SM_SEME
	VALUES ("b29eb3b1-4d16-4390-bc7a-76505ee6e86a",
	"debc8c61-f068-4b38-aa90-cfd627a3552f",
	"8759120a-5980-4b9a-87fa-c09bdbdb86dc",
	"00000000-0000-0000-0000-000000000000");
INSERT INTO SM_MOAH
	VALUES ("7f152180-118c-4c6c-8d80-691e8be3c916",
	"8759120a-5980-4b9a-87fa-c09bdbdb86dc",
	"b29eb3b1-4d16-4390-bc7a-76505ee6e86a");
INSERT INTO SM_AH
	VALUES ("7f152180-118c-4c6c-8d80-691e8be3c916",
	"8759120a-5980-4b9a-87fa-c09bdbdb86dc");
INSERT INTO SM_ACT
	VALUES ("7f152180-118c-4c6c-8d80-691e8be3c916",
	"8759120a-5980-4b9a-87fa-c09bdbdb86dc",
	1,
	'',
	'',
	0);
INSERT INTO ACT_SAB
	VALUES ("2c1b9684-6f7f-4308-a7a4-7b2a71b7a8be",
	"8759120a-5980-4b9a-87fa-c09bdbdb86dc",
	"7f152180-118c-4c6c-8d80-691e8be3c916");
INSERT INTO ACT_ACT
	VALUES ("2c1b9684-6f7f-4308-a7a4-7b2a71b7a8be",
	'state',
	0,
	"123ce337-7c1a-428a-926e-13204c24c424",
	"00000000-0000-0000-0000-000000000000",
	0,
	'CSOConnection::connecting',
	"00000000-0000-0000-0000-000000000000");
INSERT INTO ACT_BLK
	VALUES ("123ce337-7c1a-428a-926e-13204c24c424",
	0,
	0,
	0,
	'',
	'',
	'',
	0,
	0,
	0,
	0,
	0,
	0,
	0,
	0,
	0,
	0,
	0,
	0,
	0,
	"2c1b9684-6f7f-4308-a7a4-7b2a71b7a8be",
	"00000000-0000-0000-0000-000000000000");
INSERT INTO SM_STATE
	VALUES ("fff6beaf-cc44-4ca6-9917-b1a4fa1d233a",
	"8759120a-5980-4b9a-87fa-c09bdbdb86dc",
	"00000000-0000-0000-0000-000000000000",
	'Connected',
	3,
	0);
INSERT INTO SM_CH
	VALUES ("fff6beaf-cc44-4ca6-9917-b1a4fa1d233a",
	"b1e232f1-9128-45bc-89ac-0c161f0d9236",
	"8759120a-5980-4b9a-87fa-c09bdbdb86dc",
	"00000000-0000-0000-0000-000000000000",
	'');
INSERT INTO SM_SEME
	VALUES ("fff6beaf-cc44-4ca6-9917-b1a4fa1d233a",
	"b1e232f1-9128-45bc-89ac-0c161f0d9236",
	"8759120a-5980-4b9a-87fa-c09bdbdb86dc",
	"00000000-0000-0000-0000-000000000000");
INSERT INTO SM_CH
	VALUES ("fff6beaf-cc44-4ca6-9917-b1a4fa1d233a",
	"e904df0e-6435-4bc4-9b6d-c0b8625d4c3e",
	"8759120a-5980-4b9a-87fa-c09bdbdb86dc",
	"00000000-0000-0000-0000-000000000000",
	'');
INSERT INTO SM_SEME
	VALUES ("fff6beaf-cc44-4ca6-9917-b1a4fa1d233a",
	"e904df0e-6435-4bc4-9b6d-c0b8625d4c3e",
	"8759120a-5980-4b9a-87fa-c09bdbdb86dc",
	"00000000-0000-0000-0000-000000000000");
INSERT INTO SM_CH
	VALUES ("fff6beaf-cc44-4ca6-9917-b1a4fa1d233a",
	"debc8c61-f068-4b38-aa90-cfd627a3552f",
	"8759120a-5980-4b9a-87fa-c09bdbdb86dc",
	"00000000-0000-0000-0000-000000000000",
	'');
INSERT INTO SM_SEME
	VALUES ("fff6beaf-cc44-4ca6-9917-b1a4fa1d233a",
	"debc8c61-f068-4b38-aa90-cfd627a3552f",
	"8759120a-5980-4b9a-87fa-c09bdbdb86dc",
	"00000000-0000-0000-0000-000000000000");
INSERT INTO SM_MOAH
	VALUES ("a54a320a-1d35-47be-afb6-2fbaddbb3719",
	"8759120a-5980-4b9a-87fa-c09bdbdb86dc",
	"fff6beaf-cc44-4ca6-9917-b1a4fa1d233a");
INSERT INTO SM_AH
	VALUES ("a54a320a-1d35-47be-afb6-2fbaddbb3719",
	"8759120a-5980-4b9a-87fa-c09bdbdb86dc");
INSERT INTO SM_ACT
	VALUES ("a54a320a-1d35-47be-afb6-2fbaddbb3719",
	"8759120a-5980-4b9a-87fa-c09bdbdb86dc",
	1,
	'',
	'',
	0);
INSERT INTO ACT_SAB
	VALUES ("947574b8-d1ab-4606-9169-a0ed6aa6c35e",
	"8759120a-5980-4b9a-87fa-c09bdbdb86dc",
	"a54a320a-1d35-47be-afb6-2fbaddbb3719");
INSERT INTO ACT_ACT
	VALUES ("947574b8-d1ab-4606-9169-a0ed6aa6c35e",
	'state',
	0,
	"6791d5b9-b08c-4b7f-8eaf-dd097b54b738",
	"00000000-0000-0000-0000-000000000000",
	0,
	'CSOConnection::Connected',
	"00000000-0000-0000-0000-000000000000");
INSERT INTO ACT_BLK
	VALUES ("6791d5b9-b08c-4b7f-8eaf-dd097b54b738",
	0,
	0,
	0,
	'',
	'',
	'',
	0,
	0,
	0,
	0,
	0,
	0,
	0,
	0,
	0,
	0,
	0,
	0,
	0,
	"947574b8-d1ab-4606-9169-a0ed6aa6c35e",
	"00000000-0000-0000-0000-000000000000");
INSERT INTO SM_CRTXN
	VALUES ("4c533997-e409-459f-898d-7a83eac54224",
	"8759120a-5980-4b9a-87fa-c09bdbdb86dc",
	"b1e232f1-9128-45bc-89ac-0c161f0d9236",
	"00000000-0000-0000-0000-000000000000");
INSERT INTO SM_TAH
	VALUES ("a4157370-136e-4e34-ad47-8ee910e33ccd",
	"8759120a-5980-4b9a-87fa-c09bdbdb86dc",
	"4c533997-e409-459f-898d-7a83eac54224");
INSERT INTO SM_AH
	VALUES ("a4157370-136e-4e34-ad47-8ee910e33ccd",
	"8759120a-5980-4b9a-87fa-c09bdbdb86dc");
INSERT INTO SM_ACT
	VALUES ("a4157370-136e-4e34-ad47-8ee910e33ccd",
	"8759120a-5980-4b9a-87fa-c09bdbdb86dc",
	1,
	'',
	'',
	0);
INSERT INTO ACT_TAB
	VALUES ("c2c6d03c-6759-41c6-9641-c858d7bc3546",
	"8759120a-5980-4b9a-87fa-c09bdbdb86dc",
	"a4157370-136e-4e34-ad47-8ee910e33ccd");
INSERT INTO ACT_ACT
	VALUES ("c2c6d03c-6759-41c6-9641-c858d7bc3546",
	'transition',
	0,
	"7e006993-2628-44bb-90d3-7560920121ca",
	"00000000-0000-0000-0000-000000000000",
	0,
	'CSOConnection1: startup',
	"00000000-0000-0000-0000-000000000000");
INSERT INTO ACT_BLK
	VALUES ("7e006993-2628-44bb-90d3-7560920121ca",
	0,
	0,
	0,
	'',
	'',
	'',
	0,
	0,
	0,
	0,
	0,
	0,
	0,
	0,
	0,
	0,
	0,
	0,
	0,
	"c2c6d03c-6759-41c6-9641-c858d7bc3546",
	"00000000-0000-0000-0000-000000000000");
INSERT INTO SM_TXN
	VALUES ("4c533997-e409-459f-898d-7a83eac54224",
	"8759120a-5980-4b9a-87fa-c09bdbdb86dc",
	"295293c7-c92d-42e1-9b7b-38f6bff804c3",
	"00000000-0000-0000-0000-000000000000");
INSERT INTO SM_NSTXN
	VALUES ("17d214d9-d7f3-45bd-b9aa-c8b1d7dd8b52",
	"8759120a-5980-4b9a-87fa-c09bdbdb86dc",
	"295293c7-c92d-42e1-9b7b-38f6bff804c3",
	"e904df0e-6435-4bc4-9b6d-c0b8625d4c3e",
	"00000000-0000-0000-0000-000000000000");
INSERT INTO SM_TAH
	VALUES ("f5212640-a1f9-4394-8441-00e746e10646",
	"8759120a-5980-4b9a-87fa-c09bdbdb86dc",
	"17d214d9-d7f3-45bd-b9aa-c8b1d7dd8b52");
INSERT INTO SM_AH
	VALUES ("f5212640-a1f9-4394-8441-00e746e10646",
	"8759120a-5980-4b9a-87fa-c09bdbdb86dc");
INSERT INTO SM_ACT
	VALUES ("f5212640-a1f9-4394-8441-00e746e10646",
	"8759120a-5980-4b9a-87fa-c09bdbdb86dc",
	1,
	'',
	'',
	0);
INSERT INTO ACT_TAB
	VALUES ("d5106557-0536-40fa-8c19-b89d7ccfee10",
	"8759120a-5980-4b9a-87fa-c09bdbdb86dc",
	"f5212640-a1f9-4394-8441-00e746e10646");
INSERT INTO ACT_ACT
	VALUES ("d5106557-0536-40fa-8c19-b89d7ccfee10",
	'transition',
	0,
	"990819e0-226b-406b-8c33-c7f2af675462",
	"00000000-0000-0000-0000-000000000000",
	0,
	'CSOConnection2: connection requested',
	"00000000-0000-0000-0000-000000000000");
INSERT INTO ACT_BLK
	VALUES ("990819e0-226b-406b-8c33-c7f2af675462",
	0,
	0,
	0,
	'',
	'',
	'',
	0,
	0,
	0,
	0,
	0,
	0,
	0,
	0,
	0,
	0,
	0,
	0,
	0,
	"d5106557-0536-40fa-8c19-b89d7ccfee10",
	"00000000-0000-0000-0000-000000000000");
INSERT INTO SM_TXN
	VALUES ("17d214d9-d7f3-45bd-b9aa-c8b1d7dd8b52",
	"8759120a-5980-4b9a-87fa-c09bdbdb86dc",
	"b29eb3b1-4d16-4390-bc7a-76505ee6e86a",
	"00000000-0000-0000-0000-000000000000");
INSERT INTO SM_NSTXN
	VALUES ("38faa8ed-e96e-4e1e-a419-9ac20156833a",
	"8759120a-5980-4b9a-87fa-c09bdbdb86dc",
	"b29eb3b1-4d16-4390-bc7a-76505ee6e86a",
	"debc8c61-f068-4b38-aa90-cfd627a3552f",
	"00000000-0000-0000-0000-000000000000");
INSERT INTO SM_TAH
	VALUES ("b7462f25-40de-40d5-b72c-f2743ab63c3f",
	"8759120a-5980-4b9a-87fa-c09bdbdb86dc",
	"38faa8ed-e96e-4e1e-a419-9ac20156833a");
INSERT INTO SM_AH
	VALUES ("b7462f25-40de-40d5-b72c-f2743ab63c3f",
	"8759120a-5980-4b9a-87fa-c09bdbdb86dc");
INSERT INTO SM_ACT
	VALUES ("b7462f25-40de-40d5-b72c-f2743ab63c3f",
	"8759120a-5980-4b9a-87fa-c09bdbdb86dc",
	1,
	'',
	'',
	0);
INSERT INTO ACT_TAB
	VALUES ("9fd4b0bf-02f0-4aba-8839-9d92b66b6b35",
	"8759120a-5980-4b9a-87fa-c09bdbdb86dc",
	"b7462f25-40de-40d5-b72c-f2743ab63c3f");
INSERT INTO ACT_ACT
	VALUES ("9fd4b0bf-02f0-4aba-8839-9d92b66b6b35",
	'transition',
	0,
	"51f9324a-a59a-4d47-a279-82dec8ee8176",
	"00000000-0000-0000-0000-000000000000",
	0,
	'CSOConnection3: connected',
	"00000000-0000-0000-0000-000000000000");
INSERT INTO ACT_BLK
	VALUES ("51f9324a-a59a-4d47-a279-82dec8ee8176",
	0,
	0,
	0,
	'',
	'',
	'',
	0,
	0,
	0,
	0,
	0,
	0,
	0,
	0,
	0,
	0,
	0,
	0,
	0,
	"9fd4b0bf-02f0-4aba-8839-9d92b66b6b35",
	"00000000-0000-0000-0000-000000000000");
INSERT INTO SM_TXN
	VALUES ("38faa8ed-e96e-4e1e-a419-9ac20156833a",
	"8759120a-5980-4b9a-87fa-c09bdbdb86dc",
	"fff6beaf-cc44-4ca6-9917-b1a4fa1d233a",
	"00000000-0000-0000-0000-000000000000");
INSERT INTO EP_PKG
	VALUES ("4d3b97c2-c3f8-42ae-aae6-8d21fdf2c6bb",
	"cc60b714-5a20-42c4-ab24-7f5c4f86f9e4",
	"cc60b714-5a20-42c4-ab24-7f5c4f86f9e4",
	'Interfaces',
	'',
	0);
INSERT INTO PE_PE
	VALUES ("47c199f9-e800-4aac-8038-e89b499b8b27",
	1,
	"4d3b97c2-c3f8-42ae-aae6-8d21fdf2c6bb",
	"00000000-0000-0000-0000-000000000000",
	6);
INSERT INTO C_I
	VALUES ("47c199f9-e800-4aac-8038-e89b499b8b27",
	"00000000-0000-0000-0000-000000000000",
	'connection',
	'');
INSERT INTO C_EP
	VALUES ("33415b4e-762a-48b6-9daa-7192f7db2839",
	"47c199f9-e800-4aac-8038-e89b499b8b27",
	-1,
	'connect',
	'');
INSERT INTO C_IO
	VALUES ("33415b4e-762a-48b6-9daa-7192f7db2839",
	"ba5eda7a-def5-0000-0000-000000000000",
	'connect',
	'',
	0,
	'',
	"00000000-0000-0000-0000-000000000000");
INSERT INTO C_EP
	VALUES ("750f100f-3d42-4e8f-8856-acae9cfde0b2",
	"47c199f9-e800-4aac-8038-e89b499b8b27",
	-1,
	'disconnect',
	'');
INSERT INTO C_IO
	VALUES ("750f100f-3d42-4e8f-8856-acae9cfde0b2",
	"ba5eda7a-def5-0000-0000-000000000000",
	'disconnect',
	'',
	0,
	'',
	"33415b4e-762a-48b6-9daa-7192f7db2839");
INSERT INTO PE_PE
	VALUES ("ba5eda7a-def5-0000-0000-000000000000",
	1,
	"00000000-0000-0000-0000-000000000000",
	"00000000-0000-0000-0000-000000000000",
	3);
INSERT INTO S_DT
	VALUES ("ba5eda7a-def5-0000-0000-000000000000",
	"00000000-0000-0000-0000-000000000000",
	'void',
	'',
	'');
INSERT INTO S_CDT
	VALUES ("ba5eda7a-def5-0000-0000-000000000000",
	0);
INSERT INTO PE_PE
	VALUES ("ba5eda7a-def5-0000-0000-000000000001",
	1,
	"00000000-0000-0000-0000-000000000000",
	"00000000-0000-0000-0000-000000000000",
	3);
INSERT INTO S_DT
	VALUES ("ba5eda7a-def5-0000-0000-000000000001",
	"00000000-0000-0000-0000-000000000000",
	'boolean',
	'',
	'');
INSERT INTO S_CDT
	VALUES ("ba5eda7a-def5-0000-0000-000000000001",
	1);
INSERT INTO PE_PE
	VALUES ("ba5eda7a-def5-0000-0000-000000000002",
	1,
	"00000000-0000-0000-0000-000000000000",
	"00000000-0000-0000-0000-000000000000",
	3);
INSERT INTO S_DT
	VALUES ("ba5eda7a-def5-0000-0000-000000000002",
	"00000000-0000-0000-0000-000000000000",
	'integer',
	'',
	'');
INSERT INTO S_CDT
	VALUES ("ba5eda7a-def5-0000-0000-000000000002",
	2);
INSERT INTO PE_PE
	VALUES ("ba5eda7a-def5-0000-0000-000000000003",
	1,
	"00000000-0000-0000-0000-000000000000",
	"00000000-0000-0000-0000-000000000000",
	3);
INSERT INTO S_DT
	VALUES ("ba5eda7a-def5-0000-0000-000000000003",
	"00000000-0000-0000-0000-000000000000",
	'real',
	'',
	'');
INSERT INTO S_CDT
	VALUES ("ba5eda7a-def5-0000-0000-000000000003",
	3);
INSERT INTO PE_PE
	VALUES ("ba5eda7a-def5-0000-0000-000000000004",
	1,
	"00000000-0000-0000-0000-000000000000",
	"00000000-0000-0000-0000-000000000000",
	3);
INSERT INTO S_DT
	VALUES ("ba5eda7a-def5-0000-0000-000000000004",
	"00000000-0000-0000-0000-000000000000",
	'string',
	'',
	'');
INSERT INTO S_CDT
	VALUES ("ba5eda7a-def5-0000-0000-000000000004",
	4);
INSERT INTO PE_PE
	VALUES ("ba5eda7a-def5-0000-0000-000000000005",
	1,
	"00000000-0000-0000-0000-000000000000",
	"00000000-0000-0000-0000-000000000000",
	3);
INSERT INTO S_DT
	VALUES ("ba5eda7a-def5-0000-0000-000000000005",
	"00000000-0000-0000-0000-000000000000",
	'unique_id',
	'',
	'');
INSERT INTO S_CDT
	VALUES ("ba5eda7a-def5-0000-0000-000000000005",
	5);
INSERT INTO PE_PE
	VALUES ("ba5eda7a-def5-0000-0000-000000000006",
	1,
	"00000000-0000-0000-0000-000000000000",
	"00000000-0000-0000-0000-000000000000",
	3);
INSERT INTO S_DT
	VALUES ("ba5eda7a-def5-0000-0000-000000000006",
	"00000000-0000-0000-0000-000000000000",
	'state<State_Model>',
	'',
	'');
INSERT INTO S_CDT
	VALUES ("ba5eda7a-def5-0000-0000-000000000006",
	6);
INSERT INTO PE_PE
	VALUES ("ba5eda7a-def5-0000-0000-000000000007",
	1,
	"00000000-0000-0000-0000-000000000000",
	"00000000-0000-0000-0000-000000000000",
	3);
INSERT INTO S_DT
	VALUES ("ba5eda7a-def5-0000-0000-000000000007",
	"00000000-0000-0000-0000-000000000000",
	'same_as<Base_Attribute>',
	'',
	'');
INSERT INTO S_CDT
	VALUES ("ba5eda7a-def5-0000-0000-000000000007",
	7);
INSERT INTO PE_PE
	VALUES ("ba5eda7a-def5-0000-0000-000000000008",
	1,
	"00000000-0000-0000-0000-000000000000",
	"00000000-0000-0000-0000-000000000000",
	3);
INSERT INTO S_DT
	VALUES ("ba5eda7a-def5-0000-0000-000000000008",
	"00000000-0000-0000-0000-000000000000",
	'inst_ref<Object>',
	'',
	'');
INSERT INTO S_CDT
	VALUES ("ba5eda7a-def5-0000-0000-000000000008",
	8);
INSERT INTO PE_PE
	VALUES ("ba5eda7a-def5-0000-0000-000000000009",
	1,
	"00000000-0000-0000-0000-000000000000",
	"00000000-0000-0000-0000-000000000000",
	3);
INSERT INTO S_DT
	VALUES ("ba5eda7a-def5-0000-0000-000000000009",
	"00000000-0000-0000-0000-000000000000",
	'inst_ref_set<Object>',
	'',
	'');
INSERT INTO S_CDT
	VALUES ("ba5eda7a-def5-0000-0000-000000000009",
	9);
INSERT INTO PE_PE
	VALUES ("ba5eda7a-def5-0000-0000-00000000000a",
	1,
	"00000000-0000-0000-0000-000000000000",
	"00000000-0000-0000-0000-000000000000",
	3);
INSERT INTO S_DT
	VALUES ("ba5eda7a-def5-0000-0000-00000000000a",
	"00000000-0000-0000-0000-000000000000",
	'inst<Event>',
	'',
	'');
INSERT INTO S_CDT
	VALUES ("ba5eda7a-def5-0000-0000-00000000000a",
	10);
INSERT INTO PE_PE
	VALUES ("ba5eda7a-def5-0000-0000-00000000000b",
	1,
	"00000000-0000-0000-0000-000000000000",
	"00000000-0000-0000-0000-000000000000",
	3);
INSERT INTO S_DT
	VALUES ("ba5eda7a-def5-0000-0000-00000000000b",
	"00000000-0000-0000-0000-000000000000",
	'inst<Mapping>',
	'',
	'');
INSERT INTO S_CDT
	VALUES ("ba5eda7a-def5-0000-0000-00000000000b",
	11);
INSERT INTO PE_PE
	VALUES ("ba5eda7a-def5-0000-0000-00000000000c",
	1,
	"00000000-0000-0000-0000-000000000000",
	"00000000-0000-0000-0000-000000000000",
	3);
INSERT INTO S_DT
	VALUES ("ba5eda7a-def5-0000-0000-00000000000c",
	"00000000-0000-0000-0000-000000000000",
	'inst_ref<Mapping>',
	'',
	'');
INSERT INTO S_CDT
	VALUES ("ba5eda7a-def5-0000-0000-00000000000c",
	12);
INSERT INTO PE_PE
	VALUES ("ba5eda7a-def5-0000-0000-00000000000d",
	1,
	"00000000-0000-0000-0000-000000000000",
	"00000000-0000-0000-0000-000000000000",
	3);
INSERT INTO S_DT
	VALUES ("ba5eda7a-def5-0000-0000-00000000000d",
	"00000000-0000-0000-0000-000000000000",
	'component_ref',
	'',
	'');
INSERT INTO S_CDT
	VALUES ("ba5eda7a-def5-0000-0000-00000000000d",
	13);
INSERT INTO PE_PE
	VALUES ("ba5eda7a-def5-0000-0000-00000000000e",
	1,
	"00000000-0000-0000-0000-000000000000",
	"00000000-0000-0000-0000-000000000000",
	3);
INSERT INTO S_DT
	VALUES ("ba5eda7a-def5-0000-0000-00000000000e",
	"00000000-0000-0000-0000-000000000000",
	'date',
	'',
	'');
INSERT INTO S_UDT
	VALUES ("ba5eda7a-def5-0000-0000-00000000000e",
	"ba5eda7a-def5-0000-0000-00000000000b",
	1,
	'');
INSERT INTO PE_PE
	VALUES ("ba5eda7a-def5-0000-0000-00000000000f",
	1,
	"00000000-0000-0000-0000-000000000000",
	"00000000-0000-0000-0000-000000000000",
	3);
INSERT INTO S_DT
	VALUES ("ba5eda7a-def5-0000-0000-00000000000f",
	"00000000-0000-0000-0000-000000000000",
	'inst_ref<Timer>',
	'',
	'');
INSERT INTO S_UDT
	VALUES ("ba5eda7a-def5-0000-0000-00000000000f",
	"ba5eda7a-def5-0000-0000-00000000000c",
	3,
	'');
INSERT INTO PE_PE
	VALUES ("ba5eda7a-def5-0000-0000-000000000010",
	1,
	"00000000-0000-0000-0000-000000000000",
	"00000000-0000-0000-0000-000000000000",
	3);
INSERT INTO S_DT
	VALUES ("ba5eda7a-def5-0000-0000-000000000010",
	"00000000-0000-0000-0000-000000000000",
	'timestamp',
	'',
	'');
INSERT INTO S_UDT
	VALUES ("ba5eda7a-def5-0000-0000-000000000010",
	"ba5eda7a-def5-0000-0000-00000000000b",
	2,
	'');
